{
	"pages": [ //pages数组中第一项表示应用启动页，参考：https://uniapp.dcloud.io/collocation/pages
		{
			"path": "pages/index/index",
			"style": {
				"navigationBarTitleText": "首页",
				"navigationBarBackgroundColor":"#F5F5F5",
				"enablePullDownRefresh":true,
				"onReachBottomDistance":50
				
			}
		},
		{
			"path": "pages/list/list",
			"style": {
				"navigationBarTitleText": "分类列表"
			}
		},
		{
			"path": "pages/my/login",
			"style": {
				"navigationBarTitleText": "管理员登录"
			}
		},
		{
			"path": "pages/list/listContent",
			"style": {
				"navigationBarTitleText": "列表相册"
			}
		},
		{
			"path": "pages/pic/pic",
			"style": {
				"navigationBarTitleText": "图库"
			}
		},
		{
			"path": "pages/my/index",
			"style": {
				"navigationBarTitleText": "我的"
			}
		}
	],
	"globalStyle": {
		"navigationBarTextStyle": "black",
		"navigationBarTitleText": "uni-app",
		"navigationBarBackgroundColor": "#F8F8F8",
		"backgroundColor": "#F8F8F8"
	},
	"tabBar": {
	    "color": "#7A7E83",
	    "selectedColor": "#444",
	    "borderStyle": "black",
	    "backgroundColor": "#ffffff",
	    "list": [{
	        "pagePath": "pages/index/index",
	        "iconPath": "static/icon/home.png",
	        "selectedIconPath": "static/icon/home-fill.png",
	        "text": "首页"
	    },
		{
		    "pagePath": "pages/list/list",
		    "iconPath": "./static/icon/all.png",
		    "selectedIconPath": "static/icon/all-fill.png",
		    "text": "列表"
		},
		{
	        "pagePath": "pages/my/index",
	        "iconPath": "static/icon/account.png",
	        "selectedIconPath": "static/icon/account-fill.png",
	        "text": "我的"
	    }]
	}
}
